family,day,refresh,reference,minimum,shorts,p,delay,pnl,return_pct,fees,fills,drawdown,eligible,decisions,source
Refresh × minimum distance × shorts,2026-09-01,20,midpoint,ON,OFF,0.0,0,1319.7714844957372,1.8853878349939013,434.2360124242199,254,1.1022824280696295,3814,4320,pepe-tardis-refresh-grid-20261008/results.csv
Refresh × minimum distance × shorts,2026-09-01,20,midpoint,ON,ON,0.0,0,1525.7316125141951,2.179616589305988,814.9602743453673,257,1.3417539499355429,3814,4320,pepe-tardis-refresh-grid-20261008/results.csv
Refresh × minimum distance × shorts,2026-09-01,20,midpoint,OFF,OFF,0.0,0,8359.68266224995,11.942403803214209,6604.849708483392,3810,0.7846879316041749,3814,4320,pepe-tardis-refresh-grid-20261008/results.csv
Refresh × minimum distance × shorts,2026-09-01,20,midpoint,OFF,ON,0.0,0,-2976.5575651900726,-4.25222509312867,11201.312814551018,3546,4.8380436206442665,3814,4320,pepe-tardis-refresh-grid-20261008/results.csv
Refresh × minimum distance × shorts,2026-09-01,30,midpoint,ON,OFF,0.0,0,1530.0485332328244,2.1857836189040247,470.514370077185,274,1.4350492905326335,2562,2880,pepe-tardis-refresh-grid-20261008/results.csv
Refresh × minimum distance × shorts,2026-09-01,30,midpoint,ON,ON,0.0,0,1736.3348515068649,2.4804783592955237,842.7592826729854,293,1.308333180093388,2562,2880,pepe-tardis-refresh-grid-20261008/results.csv
Refresh × minimum distance × shorts,2026-09-01,30,midpoint,OFF,OFF,0.0,0,6675.927795773154,9.537039708247352,5295.6736542790095,3056,0.9056843814960962,2562,2880,pepe-tardis-refresh-grid-20261008/results.csv
Refresh × minimum distance × shorts,2026-09-01,30,midpoint,OFF,ON,0.0,0,-793.544762105812,-1.13363537443687,8851.007170046629,2957,3.536726919111343,2562,2880,pepe-tardis-refresh-grid-20261008/results.csv
Refresh × minimum distance × shorts,2026-09-01,60,midpoint,ON,OFF,0.0,0,1601.866678553226,2.2883809693617474,503.5739030368652,292,1.2208431010443004,1257,1440,pepe-tardis-refresh-grid-20261008/results.csv
Refresh × minimum distance × shorts,2026-09-01,60,midpoint,ON,ON,0.0,0,1855.7414987655793,2.6510592839508185,1019.0859590143252,314,1.3170503128987048,1257,1440,pepe-tardis-refresh-grid-20261008/results.csv
Refresh × minimum distance × shorts,2026-09-01,60,midpoint,OFF,OFF,0.0,0,3853.965483439999,5.505664976342861,3203.8650841113204,1848,1.0030905476375631,1257,1440,pepe-tardis-refresh-grid-20261008/results.csv
Refresh × minimum distance × shorts,2026-09-01,60,midpoint,OFF,ON,0.0,0,-1358.7822615196928,-1.941117516456703,5974.6373965505045,1844,2.205221221436056,1257,1440,pepe-tardis-refresh-grid-20261008/results.csv
Refresh × minimum distance × shorts,2026-09-01,180,midpoint,ON,OFF,0.0,0,1454.7595246377605,2.078227892339668,449.74359746221006,247,1.5158987748280692,420,480,pepe-tardis-refresh-grid-20261008/results.csv
Refresh × minimum distance × shorts,2026-09-01,180,midpoint,ON,ON,0.0,0,1775.914787007132,2.5370211242959018,531.12746427278,249,0.7725853409436625,420,480,pepe-tardis-refresh-grid-20261008/results.csv
Refresh × minimum distance × shorts,2026-09-01,180,midpoint,OFF,OFF,0.0,0,1640.9478857305949,2.344211265329421,1237.925350910125,708,0.4190295525561233,420,480,pepe-tardis-refresh-grid-20261008/results.csv
Refresh × minimum distance × shorts,2026-09-01,180,midpoint,OFF,ON,0.0,0,-199.9108244488889,-0.2855868920698445,2525.1514127888877,728,1.4325214664485169,420,480,pepe-tardis-refresh-grid-20261008/results.csv
Refresh × minimum distance × shorts,2026-09-01,300,midpoint,ON,OFF,0.0,0,1024.2433946517704,1.4632048495025307,353.30096942817994,195,1.632864278528709,255,288,pepe-tardis-refresh-grid-20261008/results.csv
Refresh × minimum distance × shorts,2026-09-01,300,midpoint,ON,ON,0.0,0,1406.5183880009718,2.0093119828585415,388.250103809035,199,0.9820359053868978,255,288,pepe-tardis-refresh-grid-20261008/results.csv
Refresh × minimum distance × shorts,2026-09-01,300,midpoint,OFF,OFF,0.0,0,1112.1274637087045,1.5887535195838742,800.5485907716223,461,0.3639855242338971,255,288,pepe-tardis-refresh-grid-20261008/results.csv
Refresh × minimum distance × shorts,2026-09-01,300,midpoint,OFF,ON,0.0,0,712.3436612802179,1.0176338018288875,1091.881689080161,468,0.2463230384560511,255,288,pepe-tardis-refresh-grid-20261008/results.csv
Refresh × minimum distance × shorts,2026-09-01,600,midpoint,ON,OFF,0.0,0,388.70852983472287,0.5552978997638958,242.679681415235,121,1.5067974176680556,126,144,pepe-tardis-refresh-grid-20261008/results.csv
Refresh × minimum distance × shorts,2026-09-01,600,midpoint,ON,ON,0.0,0,538.3246473643521,0.7690352105204967,250.40774623562,121,1.200380372889153,126,144,pepe-tardis-refresh-grid-20261008/results.csv
Refresh × minimum distance × shorts,2026-09-01,600,midpoint,OFF,OFF,0.0,0,321.6943658847449,0.4595633798353482,407.88309819532,232,0.761356895179119,126,144,pepe-tardis-refresh-grid-20261008/results.csv
Refresh × minimum distance × shorts,2026-09-01,600,midpoint,OFF,ON,0.0,0,418.4323939597379,0.5977605627996319,409.73661932028006,233,0.6069704613671443,126,144,pepe-tardis-refresh-grid-20261008/results.csv
Refresh × minimum distance × shorts,2026-10-01,20,midpoint,ON,OFF,0.0,0,2649.0175222447288,3.7843107460638903,883.6927566356692,490,0.9823783962225624,3814,4320,pepe-tardis-refresh-grid-20261008/results.csv
Refresh × minimum distance × shorts,2026-10-01,20,midpoint,ON,ON,0.0,0,-46.891262114426354,-0.0669875173063272,1465.4247112540838,457,2.551052001776024,3814,4320,pepe-tardis-refresh-grid-20261008/results.csv
Refresh × minimum distance × shorts,2026-10-01,20,midpoint,OFF,OFF,0.0,0,6252.705812031927,8.932436874331318,7863.974799220304,4403,1.1234039941845673,3814,4320,pepe-tardis-refresh-grid-20261008/results.csv
Refresh × minimum distance × shorts,2026-10-01,20,midpoint,OFF,ON,0.0,0,-9115.68718934001,-13.022410270485729,14094.887668130868,4200,13.308029726683651,3814,4320,pepe-tardis-refresh-grid-20261008/results.csv
Refresh × minimum distance × shorts,2026-10-01,30,midpoint,ON,OFF,0.0,0,2367.4726195974654,3.3821037422820943,854.4327951229097,482,1.00626954795733,2521,2880,pepe-tardis-refresh-grid-20261008/results.csv
Refresh × minimum distance × shorts,2026-10-01,30,midpoint,ON,ON,0.0,0,-244.4649105641729,-0.3492355865202468,1526.161281073451,453,2.4773740462223466,2521,2880,pepe-tardis-refresh-grid-20261008/results.csv
Refresh × minimum distance × shorts,2026-10-01,30,midpoint,OFF,OFF,0.0,0,5113.913793005049,7.305591132864353,6152.59152360626,3442,0.9550943997430196,2521,2880,pepe-tardis-refresh-grid-20261008/results.csv
Refresh × minimum distance × shorts,2026-10-01,30,midpoint,OFF,ON,0.0,0,-8047.128675075335,-11.49589810725048,11420.66036311569,3353,11.896799509554356,2521,2880,pepe-tardis-refresh-grid-20261008/results.csv
Refresh × minimum distance × shorts,2026-10-01,60,midpoint,ON,OFF,0.0,0,2521.058809672468,3.6015125852463914,784.3682798978294,441,1.255992826071219,1247,1440,pepe-tardis-refresh-grid-20261008/results.csv
Refresh × minimum distance × shorts,2026-10-01,60,midpoint,ON,ON,0.0,0,-137.4174539652886,-0.1963106485218357,1490.1283236252525,434,1.9389544364804243,1247,1440,pepe-tardis-refresh-grid-20261008/results.csv
Refresh × minimum distance × shorts,2026-10-01,60,midpoint,OFF,OFF,0.0,0,3858.018105846,5.511454436922847,3534.5052555147386,1975,0.7719353436934885,1247,1440,pepe-tardis-refresh-grid-20261008/results.csv
Refresh × minimum distance × shorts,2026-10-01,60,midpoint,OFF,ON,0.0,0,-4311.07926739956,-6.158684667713654,6930.741366789634,1965,6.768649591221955,1247,1440,pepe-tardis-refresh-grid-20261008/results.csv
Refresh × minimum distance × shorts,2026-10-01,180,midpoint,ON,OFF,0.0,0,1657.6676366771571,2.3680966238245116,571.9828282029904,299,0.9510527294907936,418,480,pepe-tardis-refresh-grid-20261008/results.csv
Refresh × minimum distance × shorts,2026-10-01,180,midpoint,ON,ON,0.0,0,-922.8000179987284,-1.3182857399981818,1085.8462522886875,306,3.048639843232372,418,480,pepe-tardis-refresh-grid-20261008/results.csv
Refresh × minimum distance × shorts,2026-10-01,180,midpoint,OFF,OFF,0.0,0,2066.500583238536,2.9521436903407583,1294.4807237516875,720,0.966378904133502,418,480,pepe-tardis-refresh-grid-20261008/results.csv
Refresh × minimum distance × shorts,2026-10-01,180,midpoint,OFF,ON,0.0,0,-1557.8647658671252,-2.2255210940958947,2639.0313711472286,735,3.0081544075685835,418,480,pepe-tardis-refresh-grid-20261008/results.csv
Refresh × minimum distance × shorts,2026-10-01,300,midpoint,ON,OFF,0.0,0,2092.0677561249177,2.9886682230356065,434.8014016853003,237,0.6616841996865522,247,288,pepe-tardis-refresh-grid-20261008/results.csv
Refresh × minimum distance × shorts,2026-10-01,300,midpoint,ON,ON,0.0,0,13.982335523149231,0.0199747650330595,912.6991671768004,245,1.6546213699196937,247,288,pepe-tardis-refresh-grid-20261008/results.csv
Refresh × minimum distance × shorts,2026-10-01,300,midpoint,OFF,OFF,0.0,0,1134.7646023241396,1.621092289034487,786.9643688261042,436,0.4432601543857979,247,288,pepe-tardis-refresh-grid-20261008/results.csv
Refresh × minimum distance × shorts,2026-10-01,300,midpoint,OFF,ON,0.0,0,-668.3119156052708,-0.954731308007528,1567.8446255052509,445,1.2308407248366504,247,288,pepe-tardis-refresh-grid-20261008/results.csv
Refresh × minimum distance × shorts,2026-10-01,600,midpoint,ON,OFF,0.0,0,1399.5420554830198,1.9993457935471692,268.6822428770401,142,0.6570494698007416,117,144,pepe-tardis-refresh-grid-20261008/results.csv
Refresh × minimum distance × shorts,2026-10-01,600,midpoint,ON,ON,0.0,0,197.39018683234465,0.2819859811890701,497.70327081758035,145,0.5165344011014665,117,144,pepe-tardis-refresh-grid-20261008/results.csv
Refresh × minimum distance × shorts,2026-10-01,600,midpoint,OFF,OFF,0.0,0,584.1647193791723,0.8345210276845316,397.1436914208502,218,0.2449838871512289,117,144,pepe-tardis-refresh-grid-20261008/results.csv
Refresh × minimum distance × shorts,2026-10-01,600,midpoint,OFF,ON,0.0,0,250.91647185642796,0.3584521026520404,509.597546513485,219,0.1410304987042205,117,144,pepe-tardis-refresh-grid-20261008/results.csv
Penetration p=0.5 / 1,2026-09-01,20,midpoint,OFF,OFF,1.0,0,-943.2845061258412,-1.3475492944654888,410.8901404459202,234,1.8749988987536048,3814,4320,pepe-tardis-penetration-20261008/results.csv
Penetration p=0.5 / 1,2026-09-01,20,midpoint,OFF,OFF,0.5,0,3434.928160388358,4.907040229126225,3453.6683671033234,1999,0.7883274844315967,3814,4320,pepe-tardis-penetration-20261008/results.csv
Penetration p=0.5 / 1,2026-09-01,30,midpoint,OFF,OFF,1.0,0,-1057.8522980990674,-1.5112175687129523,451.6380190992003,259,1.9503845229729428,2562,2880,pepe-tardis-penetration-20261008/results.csv
Penetration p=0.5 / 1,2026-09-01,30,midpoint,OFF,OFF,0.5,0,2778.971996673281,3.9699599952475406,2848.903389817873,1636,1.0515773107347846,2562,2880,pepe-tardis-penetration-20261008/results.csv
Penetration p=0.5 / 1,2026-09-01,60,midpoint,OFF,OFF,1.0,0,-1182.3722398620012,-1.689103199802855,491.3093166222602,278,1.962234973974616,1257,1440,pepe-tardis-penetration-20261008/results.csv
Penetration p=0.5 / 1,2026-09-01,60,midpoint,OFF,OFF,0.5,0,1462.6156989394512,2.0894509984849208,1823.5433606113231,1044,0.7948276869653199,1257,1440,pepe-tardis-penetration-20261008/results.csv
Penetration p=0.5 / 1,2026-09-01,180,midpoint,OFF,OFF,1.0,0,-896.6014075796702,-1.2808591536852432,433.22112633972006,233,1.8387357327873215,420,480,pepe-tardis-penetration-20261008/results.csv
Penetration p=0.5 / 1,2026-09-01,180,midpoint,OFF,OFF,0.5,0,369.4274644301768,0.5277535206145378,843.2485907301423,476,0.7190741836635022,420,480,pepe-tardis-penetration-20261008/results.csv
Penetration p=0.5 / 1,2026-09-01,300,midpoint,OFF,OFF,1.0,0,-667.3394296475162,-0.9533420423536,313.2167606475595,174,1.977883657305462,255,288,pepe-tardis-penetration-20261008/results.csv
Penetration p=0.5 / 1,2026-09-01,300,midpoint,OFF,OFF,0.5,0,500.0957741622551,0.7144225345175004,554.833802277921,319,0.5869284556247608,255,288,pepe-tardis-penetration-20261008/results.csv
Penetration p=0.5 / 1,2026-09-01,600,midpoint,OFF,OFF,1.0,0,-524.4626755468489,-0.7492323936383549,208.96971810685991,111,1.5655150345839668,126,144,pepe-tardis-penetration-20261008/results.csv
Penetration p=0.5 / 1,2026-09-01,600,midpoint,OFF,OFF,0.5,0,80.51478865422541,0.1150211266488954,303.99225322581975,168,0.8023260718487237,126,144,pepe-tardis-penetration-20261008/results.csv
Penetration p=0.5 / 1,2026-10-01,20,midpoint,OFF,OFF,1.0,0,-1410.459111552802,-2.0149415879325727,772.6086445331092,428,2.7546683998802113,3814,4320,pepe-tardis-penetration-20261008/results.csv
Penetration p=0.5 / 1,2026-10-01,20,midpoint,OFF,OFF,0.5,0,1793.4876661498856,2.5621252373569714,4390.213230270868,2446,1.345089838044652,3814,4320,pepe-tardis-penetration-20261008/results.csv
Penetration p=0.5 / 1,2026-10-01,30,midpoint,OFF,OFF,1.0,0,-1311.416987363642,-1.8734528390909169,761.4825061139546,426,2.2021002249093526,2521,2880,pepe-tardis-penetration-20261008/results.csv
Penetration p=0.5 / 1,2026-10-01,30,midpoint,OFF,OFF,0.5,0,1223.4921480516932,1.7478459257881385,3420.8807535488795,1915,1.205352357756614,2521,2880,pepe-tardis-penetration-20261008/results.csv
Penetration p=0.5 / 1,2026-10-01,60,midpoint,OFF,OFF,1.0,0,-893.4494285464316,-1.2763563264948985,709.5538282666646,395,1.8343146371335104,1247,1440,pepe-tardis-penetration-20261008/results.csv
Penetration p=0.5 / 1,2026-10-01,60,midpoint,OFF,OFF,0.5,0,1459.4882985815057,2.084983283687869,2097.8669695588883,1176,1.4537748909437471,1247,1440,pepe-tardis-penetration-20261008/results.csv
Penetration p=0.5 / 1,2026-10-01,180,midpoint,OFF,OFF,1.0,0,-497.5132837371784,-0.7107332624816887,519.7214526972152,272,1.50473163179537,418,480,pepe-tardis-penetration-20261008/results.csv
Penetration p=0.5 / 1,2026-10-01,180,midpoint,OFF,OFF,0.5,0,960.864152402617,1.3726630748608804,925.9844464175944,505,1.1763359498124195,418,480,pepe-tardis-penetration-20261008/results.csv
Penetration p=0.5 / 1,2026-10-01,300,midpoint,OFF,OFF,1.0,0,314.22085181390867,0.4488869311627175,394.6129530161502,210,1.4497358498706796,247,288,pepe-tardis-penetration-20261008/results.csv
Penetration p=0.5 / 1,2026-10-01,300,midpoint,OFF,OFF,0.5,0,632.5432240317459,0.9036331771882012,594.09228946841,316,0.8674581436136333,247,288,pepe-tardis-penetration-20261008/results.csv
Penetration p=0.5 / 1,2026-10-01,600,midpoint,OFF,OFF,1.0,0,395.7193018098187,0.5653132882997403,258.98230889020505,127,1.3360117867371952,117,144,pepe-tardis-penetration-20261008/results.csv
Penetration p=0.5 / 1,2026-10-01,600,midpoint,OFF,OFF,0.5,0,394.5238521514257,0.563605503073461,330.8547072486649,164,1.173475233524626,117,144,pepe-tardis-penetration-20261008/results.csv
Penetration p=0.8,2026-09-01,20,midpoint,OFF,OFF,0.8,0,99.26863998752378,0.1418123428393203,1603.18499133314,932,1.8720176194543496,3814,4320,pepe-tardis-penetration08-20261008/results.csv
Penetration p=0.8,2026-09-01,30,midpoint,OFF,OFF,0.8,0,575.6778345323401,0.8223969064747649,1382.0589544882428,790,1.5499265827539062,2562,2880,pepe-tardis-penetration08-20261008/results.csv
Penetration p=0.8,2026-09-01,60,midpoint,OFF,OFF,0.8,0,-259.25404642062495,-0.3703629234580341,1008.0323532510486,576,1.7229744846452697,1257,1440,pepe-tardis-penetration08-20261008/results.csv
Penetration p=0.8,2026-09-01,180,midpoint,OFF,OFF,0.8,0,-477.22253474756144,-0.6817464782107985,585.6732388676814,325,1.7238113940257112,420,480,pepe-tardis-penetration08-20261008/results.csv
Penetration p=0.8,2026-09-01,300,midpoint,OFF,OFF,0.8,0,101.43098581706,0.1449014083100941,411.24507002304,238,0.995410372253864,255,288,pepe-tardis-penetration08-20261008/results.csv
Penetration p=0.8,2026-09-01,600,midpoint,OFF,OFF,0.8,0,-256.86056313070003,-0.3669436616152821,247.00140821075988,137,1.1899940806843248,126,144,pepe-tardis-penetration08-20261008/results.csv
Penetration p=0.8,2026-10-01,20,midpoint,OFF,OFF,0.8,0,123.30198451036996,0.1761456921576698,2252.0863000199624,1267,1.9595005481130712,3814,4320,pepe-tardis-penetration08-20261008/results.csv
Penetration p=0.8,2026-10-01,30,midpoint,OFF,OFF,0.8,0,-199.8688866364828,-0.2855269809092564,1872.0718693570543,1049,2.024147959529294,2521,2880,pepe-tardis-penetration08-20261008/results.csv
Penetration p=0.8,2026-10-01,60,midpoint,OFF,OFF,0.8,0,99.59719741431763,0.1422817105918739,1336.792230125992,739,1.795633094562716,1247,1440,pepe-tardis-penetration08-20261008/results.csv
Penetration p=0.8,2026-10-01,180,midpoint,OFF,OFF,0.8,0,53.52991021799971,0.0764713003114314,700.2312602321351,372,1.201510294583897,418,480,pepe-tardis-penetration08-20261008/results.csv
Penetration p=0.8,2026-10-01,300,midpoint,OFF,OFF,0.8,0,473.7716119493416,0.6768165884990518,483.0040885808052,254,1.0705742357362271,247,288,pepe-tardis-penetration08-20261008/results.csv
Penetration p=0.8,2026-10-01,600,midpoint,OFF,OFF,0.8,0,324.20421093363257,0.4631488727623312,289.3621054964649,142,1.1874135058050446,117,144,pepe-tardis-penetration08-20261008/results.csv
Reference price — touch fills,2026-09-01,20,midpoint,OFF,OFF,0.0,0,8359.68266224995,11.942403803214209,6604.849708483392,3810,0.7846879316041749,3814,4320,pepe-tardis-mid-vs-close-20261008/results.csv
Reference price — touch fills,2026-09-01,20,latest-close,OFF,OFF,0.0,0,6980.615011313959,9.972307159019934,3627.064833407014,2126,1.126065204464282,3814,4320,pepe-tardis-mid-vs-close-20261008/results.csv
Reference price — touch fills,2026-09-01,20,lagged-close,OFF,OFF,0.0,0,7133.717321798933,10.191024745427056,3682.851851741964,2139,1.1464710661125976,3814,4320,pepe-tardis-mid-vs-close-20261008/results.csv
Reference price — touch fills,2026-09-01,30,midpoint,OFF,OFF,0.0,0,6675.927795773154,9.537039708247352,5295.6736542790095,3056,0.9056843814960962,2562,2880,pepe-tardis-mid-vs-close-20261008/results.csv
Reference price — touch fills,2026-09-01,30,latest-close,OFF,OFF,0.0,0,4852.775862728158,6.932536946754508,2988.7388524121448,1744,1.0936308231892615,2562,2880,pepe-tardis-mid-vs-close-20261008/results.csv
Reference price — touch fills,2026-09-01,30,lagged-close,OFF,OFF,0.0,0,5426.9362131335365,7.752766018762203,2928.166351896941,1719,1.1764188460868137,2562,2880,pepe-tardis-mid-vs-close-20261008/results.csv
Reference price — touch fills,2026-09-01,60,midpoint,OFF,OFF,0.0,0,3853.965483439999,5.505664976342861,3203.8650841113204,1848,1.0030905476375631,1257,1440,pepe-tardis-mid-vs-close-20261008/results.csv
Reference price — touch fills,2026-09-01,60,latest-close,OFF,OFF,0.0,0,3241.0501739126776,4.630071677018122,1928.1199582075335,1121,1.301305921039164,1257,1440,pepe-tardis-mid-vs-close-20261008/results.csv
Reference price — touch fills,2026-09-01,60,lagged-close,OFF,OFF,0.0,0,3581.457650932949,5.116368072761346,1948.5422848071223,1130,1.286198590416702,1257,1440,pepe-tardis-mid-vs-close-20261008/results.csv
Reference price — touch fills,2026-09-01,180,midpoint,OFF,OFF,0.0,0,1640.9478857305949,2.344211265329421,1237.925350910125,708,0.4190295525561233,420,480,pepe-tardis-mid-vs-close-20261008/results.csv
Reference price — touch fills,2026-09-01,180,latest-close,OFF,OFF,0.0,0,2084.379609617332,2.9776851565961993,958.7233964627236,528,1.3693961146956417,420,480,pepe-tardis-mid-vs-close-20261008/results.csv
Reference price — touch fills,2026-09-01,180,lagged-close,OFF,OFF,0.0,0,1912.152100129009,2.7316458573271474,941.3583583510836,524,1.4251305540817416,420,480,pepe-tardis-mid-vs-close-20261008/results.csv
Reference price — touch fills,2026-09-01,300,midpoint,OFF,OFF,0.0,0,1112.1274637087045,1.5887535195838742,800.5485907716223,461,0.3639855242338971,255,288,pepe-tardis-mid-vs-close-20261008/results.csv
Reference price — touch fills,2026-09-01,300,latest-close,OFF,OFF,0.0,0,1465.7507028015243,2.093929575430753,634.2492951585216,357,0.9051974553636426,255,288,pepe-tardis-mid-vs-close-20261008/results.csv
Reference price — touch fills,2026-09-01,300,lagged-close,OFF,OFF,0.0,0,1561.478167497291,2.2306830964246904,627.2542247427815,353,0.7934292002370326,255,288,pepe-tardis-mid-vs-close-20261008/results.csv
Reference price — touch fills,2026-09-01,600,midpoint,OFF,OFF,0.0,0,321.6943658847449,0.4595633798353482,407.88309819532,232,0.761356895179119,126,144,pepe-tardis-mid-vs-close-20261008/results.csv
Reference price — touch fills,2026-09-01,600,latest-close,OFF,OFF,0.0,0,136.00658163892513,0.1942951166270301,374.8101729510448,190,1.5450458960610935,126,144,pepe-tardis-mid-vs-close-20261008/results.csv
Reference price — touch fills,2026-09-01,600,lagged-close,OFF,OFF,0.0,0,155.73475063385558,0.222478215191213,374.8003137961248,190,1.4984364549329987,126,144,pepe-tardis-mid-vs-close-20261008/results.csv
Reference price — touch fills,2026-10-01,20,midpoint,OFF,OFF,0.0,0,6252.705812031927,8.932436874331318,7863.974799220304,4403,1.1234039941845673,3814,4320,pepe-tardis-mid-vs-close-20261008/results.csv
Reference price — touch fills,2026-10-01,20,latest-close,OFF,OFF,0.0,0,7578.115479038883,10.825879255769832,4680.1749367023995,2631,1.2613147398543392,3814,4320,pepe-tardis-mid-vs-close-20261008/results.csv
Reference price — touch fills,2026-10-01,20,lagged-close,OFF,OFF,0.0,0,8172.314427561301,11.674734896516137,4705.280282759988,2640,0.8456312499195996,3814,4320,pepe-tardis-mid-vs-close-20261008/results.csv
Reference price — touch fills,2026-10-01,30,midpoint,OFF,OFF,0.0,0,5113.913793005049,7.305591132864353,6152.59152360626,3442,0.9550943997430196,2521,2880,pepe-tardis-mid-vs-close-20261008/results.csv
Reference price — touch fills,2026-10-01,30,latest-close,OFF,OFF,0.0,0,5930.23204756841,8.47176006795487,3763.9886654426336,2102,1.410972695166083,2521,2880,pepe-tardis-mid-vs-close-20261008/results.csv
Reference price — touch fills,2026-10-01,30,lagged-close,OFF,OFF,0.0,0,6121.0822295043035,8.744403185006156,3768.07319359686,2098,1.030876458903573,2521,2880,pepe-tardis-mid-vs-close-20261008/results.csv
Reference price — touch fills,2026-10-01,60,midpoint,OFF,OFF,0.0,0,3858.018105846,5.511454436922847,3534.5052555147386,1975,0.7719353436934885,1247,1440,pepe-tardis-mid-vs-close-20261008/results.csv
Reference price — touch fills,2026-10-01,60,latest-close,OFF,OFF,0.0,0,4795.669562943323,6.850956518490459,2365.135755297174,1312,1.189498471271469,1247,1440,pepe-tardis-mid-vs-close-20261008/results.csv
Reference price — touch fills,2026-10-01,60,lagged-close,OFF,OFF,0.0,0,4917.338270624008,7.0247689580343,2337.956509026789,1290,0.6669152464887165,1247,1440,pepe-tardis-mid-vs-close-20261008/results.csv
Reference price — touch fills,2026-10-01,180,midpoint,OFF,OFF,0.0,0,2066.500583238536,2.9521436903407583,1294.4807237516875,720,0.966378904133502,418,480,pepe-tardis-mid-vs-close-20261008/results.csv
Reference price — touch fills,2026-10-01,180,latest-close,OFF,OFF,0.0,0,2479.432579347311,3.542046541924737,1022.2474875630438,548,1.0171926239194775,418,480,pepe-tardis-mid-vs-close-20261008/results.csv
Reference price — touch fills,2026-10-01,180,lagged-close,OFF,OFF,0.0,0,2473.919757777243,3.5341710825389283,1011.4040301930842,542,0.9043030261258728,418,480,pepe-tardis-mid-vs-close-20261008/results.csv
Reference price — touch fills,2026-10-01,300,midpoint,OFF,OFF,0.0,0,1134.7646023241396,1.621092289034487,786.9643688261042,436,0.4432601543857979,247,288,pepe-tardis-mid-vs-close-20261008/results.csv
Reference price — touch fills,2026-10-01,300,latest-close,OFF,OFF,0.0,0,2167.292711458096,3.096132444940136,661.3235056220304,348,1.3483346334114716,247,288,pepe-tardis-mid-vs-close-20261008/results.csv
Reference price — touch fills,2026-10-01,300,lagged-close,OFF,OFF,0.0,0,2238.5818424333556,3.19797406061908,657.7651075467904,346,1.283305252194861,247,288,pepe-tardis-mid-vs-close-20261008/results.csv
Reference price — touch fills,2026-10-01,600,midpoint,OFF,OFF,0.0,0,584.1647193791723,0.8345210276845316,397.1436914208502,218,0.2449838871512289,117,144,pepe-tardis-mid-vs-close-20261008/results.csv
Reference price — touch fills,2026-10-01,600,latest-close,OFF,OFF,0.0,0,1890.365998735142,2.7005228553359073,385.9648543449302,193,1.7938925239849788,117,144,pepe-tardis-mid-vs-close-20261008/results.csv
Reference price — touch fills,2026-10-01,600,lagged-close,OFF,OFF,0.0,0,1750.5656147189438,2.5008080210270567,371.57582756112015,188,1.6875094914076614,117,144,pepe-tardis-mid-vs-close-20261008/results.csv
Reference price — p=0.9,2026-09-01,20,midpoint,OFF,OFF,0.9,0,-403.1578181880468,-0.5759397402686384,1039.2591502084938,608,2.0992292852476093,3814,4320,pepe-tardis-mid-vs-close-p09-20261008/results.csv
Reference price — p=0.9,2026-09-01,20,latest-close,OFF,OFF,0.9,0,-135.33938137099904,-0.19334197338714,494.92596132114545,294,2.1847425244548258,3814,4320,pepe-tardis-mid-vs-close-p09-20261008/results.csv
Reference price — p=0.9,2026-09-01,20,lagged-close,OFF,OFF,0.9,0,-220.6755887086329,-0.3152508410123378,506.9956931387655,290,1.9642247521745215,3814,4320,pepe-tardis-mid-vs-close-p09-20261008/results.csv
Reference price — p=0.9,2026-09-01,30,midpoint,OFF,OFF,0.9,0,-693.9165896201011,-0.9913094137430024,883.4428032105072,513,2.363333047118622,2562,2880,pepe-tardis-mid-vs-close-p09-20261008/results.csv
Reference price — p=0.9,2026-09-01,30,latest-close,OFF,OFF,0.9,0,-426.5923606343713,-0.6094176580491051,482.07177461439016,258,1.8741666709562088,2562,2880,pepe-tardis-mid-vs-close-p09-20261008/results.csv
Reference price — p=0.9,2026-09-01,30,lagged-close,OFF,OFF,0.9,0,-269.7874426260678,-0.3854106323229578,482.3014655260602,255,1.82879417869856,2562,2880,pepe-tardis-mid-vs-close-p09-20261008/results.csv
Reference price — p=0.9,2026-09-01,60,midpoint,OFF,OFF,0.9,0,-1046.1038468572517,-1.4944340669389322,736.6440290676574,421,2.017263043743879,1257,1440,pepe-tardis-mid-vs-close-p09-20261008/results.csv
Reference price — p=0.9,2026-09-01,60,latest-close,OFF,OFF,0.9,0,-387.67633073306934,-0.5538233296186745,400.975781943085,210,1.828170832180074,1257,1440,pepe-tardis-mid-vs-close-p09-20261008/results.csv
Reference price — p=0.9,2026-09-01,60,lagged-close,OFF,OFF,0.9,0,-332.41391590828425,-0.4748770227261167,415.682187598315,216,1.848582066017851,1257,1440,pepe-tardis-mid-vs-close-p09-20261008/results.csv
Reference price — p=0.9,2026-09-01,180,midpoint,OFF,OFF,0.9,0,-755.4798890925158,-1.0792569844178757,517.4206250825853,284,1.9421848010455085,420,480,pepe-tardis-mid-vs-close-p09-20261008/results.csv
Reference price — p=0.9,2026-09-01,180,latest-close,OFF,OFF,0.9,0,-431.7904070843506,-0.6168434386919275,308.5734214643348,154,2.0351878044396545,420,480,pepe-tardis-mid-vs-close-p09-20261008/results.csv
Reference price — p=0.9,2026-09-01,180,lagged-close,OFF,OFF,0.9,0,-443.262627108008,-0.633232324440014,307.53414985798474,155,1.993754832385248,420,480,pepe-tardis-mid-vs-close-p09-20261008/results.csv
Reference price — p=0.9,2026-09-01,300,midpoint,OFF,OFF,0.9,0,-271.82030042597034,-0.3883147148942445,380.6733009160747,214,1.4413247962560631,255,288,pepe-tardis-mid-vs-close-p09-20261008/results.csv
Reference price — p=0.9,2026-09-01,300,latest-close,OFF,OFF,0.9,0,-263.9470448819775,-0.3770672069742575,264.21896660191993,133,1.896836588339778,255,288,pepe-tardis-mid-vs-close-p09-20261008/results.csv
Reference price — p=0.9,2026-09-01,300,lagged-close,OFF,OFF,0.9,0,-208.26253789381008,-0.2975179112768678,267.6893891337599,135,1.8741246737866728,255,288,pepe-tardis-mid-vs-close-p09-20261008/results.csv
Reference price — p=0.9,2026-09-01,600,midpoint,OFF,OFF,0.9,0,-557.5302811485162,-0.7964718302121643,251.89647862853985,126,1.635377185524323,126,144,pepe-tardis-mid-vs-close-p09-20261008/results.csv
Reference price — p=0.9,2026-09-01,600,latest-close,OFF,OFF,0.9,0,-510.5855602875672,-0.7294079432679568,198.07162820756005,87,1.798839415667557,126,144,pepe-tardis-mid-vs-close-p09-20261008/results.csv
Reference price — p=0.9,2026-09-01,600,lagged-close,OFF,OFF,0.9,0,-426.738731979829,-0.6096267599711824,199.97816881982004,88,1.6637601505972388,126,144,pepe-tardis-mid-vs-close-p09-20261008/results.csv
Reference price — p=0.9,2026-10-01,20,midpoint,OFF,OFF,0.9,0,-942.3356095968484,-1.3461937279954928,1547.4757962572935,854,2.5820280488637217,3814,4320,pepe-tardis-mid-vs-close-p09-20261008/results.csv
Reference price — p=0.9,2026-10-01,20,latest-close,OFF,OFF,0.9,0,487.816788049342,0.6968811257847651,812.8547415009496,452,1.7706968543744306,3814,4320,pepe-tardis-mid-vs-close-p09-20261008/results.csv
Reference price — p=0.9,2026-10-01,20,lagged-close,OFF,OFF,0.9,0,935.300060254158,1.33614294322022,818.1833756560645,451,1.7981107967572556,3814,4320,pepe-tardis-mid-vs-close-p09-20261008/results.csv
Reference price — p=0.9,2026-10-01,30,midpoint,OFF,OFF,0.9,0,-1354.8443275974569,-1.935491896567798,1283.889912957953,716,2.5857818856788723,2521,2880,pepe-tardis-mid-vs-close-p09-20261008/results.csv
Reference price — p=0.9,2026-10-01,30,latest-close,OFF,OFF,0.9,0,-102.56358594483754,-0.1465194084926291,692.0972168351207,375,1.263563939575047,2521,2880,pepe-tardis-mid-vs-close-p09-20261008/results.csv
Reference price — p=0.9,2026-10-01,30,lagged-close,OFF,OFF,0.9,0,-273.0291091763356,-0.3900415845376259,693.6196378066754,373,1.3535986850261494,2521,2880,pepe-tardis-mid-vs-close-p09-20261008/results.csv
Reference price — p=0.9,2026-10-01,60,midpoint,OFF,OFF,0.9,0,-507.2988510122959,-0.7247126443032825,1015.17249313261,564,1.5096065207611125,1247,1440,pepe-tardis-mid-vs-close-p09-20261008/results.csv
Reference price — p=0.9,2026-10-01,60,latest-close,OFF,OFF,0.9,0,536.6162380910682,0.7665946258443856,591.8884343291552,313,0.8054636430966502,1247,1440,pepe-tardis-mid-vs-close-p09-20261008/results.csv
Reference price — p=0.9,2026-10-01,60,lagged-close,OFF,OFF,0.9,0,294.80549052977585,0.4211507007568116,588.3720791904553,311,0.6617802365799542,1247,1440,pepe-tardis-mid-vs-close-p09-20261008/results.csv
Reference price — p=0.9,2026-10-01,180,midpoint,OFF,OFF,0.9,0,-328.1651674476161,-0.4688073820680261,600.1987595777154,321,1.4151368412982404,418,480,pepe-tardis-mid-vs-close-p09-20261008/results.csv
Reference price — p=0.9,2026-10-01,180,latest-close,OFF,OFF,0.9,0,26.536214942272636,0.0379088784889569,415.0525699179499,216,0.7207699788800118,418,480,pepe-tardis-mid-vs-close-p09-20261008/results.csv
Reference price — p=0.9,2026-10-01,180,lagged-close,OFF,OFF,0.9,0,58.27745324655552,0.0832535046379367,407.84404188361503,216,0.6249870914080248,418,480,pepe-tardis-mid-vs-close-p09-20261008/results.csv
Reference price — p=0.9,2026-10-01,300,midpoint,OFF,OFF,0.9,0,269.58695223041286,0.3851242174720104,450.0392156896702,235,1.141803999842239,247,288,pepe-tardis-mid-vs-close-p09-20261008/results.csv
Reference price — p=0.9,2026-10-01,300,latest-close,OFF,OFF,0.9,0,376.6670559156046,0.5380957941651499,334.78154191450983,173,0.7935278685941549,247,288,pepe-tardis-mid-vs-close-p09-20261008/results.csv
Reference price — p=0.9,2026-10-01,300,lagged-close,OFF,OFF,0.9,0,502.8837614696968,0.7184053735281415,331.2283877104049,171,0.7933435068106827,247,288,pepe-tardis-mid-vs-close-p09-20261008/results.csv
Reference price — p=0.9,2026-10-01,600,midpoint,OFF,OFF,0.9,0,281.15339319482155,0.4016477045640343,275.16993260527,134,1.1881360979378095,117,144,pepe-tardis-mid-vs-close-p09-20261008/results.csv
Reference price — p=0.9,2026-10-01,600,latest-close,OFF,OFF,0.9,0,529.2523362248758,0.7560747660355416,231.26168214520015,111,0.9965061577808596,117,144,pepe-tardis-mid-vs-close-p09-20261008/results.csv
Reference price — p=0.9,2026-10-01,600,lagged-close,OFF,OFF,0.9,0,558.3154203247104,0.7975934576067267,234.9088784053402,109,1.040480948751481,117,144,pepe-tardis-mid-vs-close-p09-20261008/results.csv
Feed latency — touch / p=0.9,2026-09-01,20,midpoint,OFF,OFF,0.0,0,8359.68266224995,11.942403803214209,6604.849708483392,3810,0.7846879316041749,3814,4320,pepe-tardis-latency-20261008/results.csv
Feed latency — touch / p=0.9,2026-09-01,20,midpoint,OFF,OFF,0.9,0,-403.1578181880468,-0.5759397402686384,1039.2591502084938,608,2.0992292852476093,3814,4320,pepe-tardis-latency-20261008/results.csv
Feed latency — touch / p=0.9,2026-09-01,20,latest-close,OFF,OFF,0.0,0,6980.615011313959,9.972307159019934,3627.064833407014,2126,1.126065204464282,3814,4320,pepe-tardis-latency-20261008/results.csv
Feed latency — touch / p=0.9,2026-09-01,20,latest-close,OFF,OFF,0.9,0,-135.33938137099904,-0.19334197338714,494.92596132114545,294,2.1847425244548258,3814,4320,pepe-tardis-latency-20261008/results.csv
Feed latency — touch / p=0.9,2026-09-01,20,midpoint,OFF,OFF,0.0,1,8270.66721844145,11.815238883487789,6533.571774691638,3774,0.8097573223804835,3818,4320,pepe-tardis-latency-20261008/results.csv
Feed latency — touch / p=0.9,2026-09-01,20,midpoint,OFF,OFF,0.9,1,-462.07401683904754,-0.6601057383414988,1059.6551114296085,621,1.9761279522010151,3818,4320,pepe-tardis-latency-20261008/results.csv
Feed latency — touch / p=0.9,2026-09-01,20,latest-close,OFF,OFF,0.0,1,7246.169644308859,10.351670920441226,3649.627255602069,2122,1.1036097865919687,3818,4320,pepe-tardis-latency-20261008/results.csv
Feed latency — touch / p=0.9,2026-09-01,20,latest-close,OFF,OFF,0.9,1,-254.648214341898,-0.3637831633455657,517.3570370320255,299,1.9732515690211343,3818,4320,pepe-tardis-latency-20261008/results.csv
Feed latency — touch / p=0.9,2026-09-01,20,midpoint,OFF,OFF,0.0,2,7840.860770599844,11.201229672285496,6517.570853262912,3757,0.6158563486375656,3830,4320,pepe-tardis-latency-20261008/results.csv
Feed latency — touch / p=0.9,2026-09-01,20,midpoint,OFF,OFF,0.9,2,-325.1630279303499,-0.4645186113290678,1065.210698140899,619,1.7252405899092418,3830,4320,pepe-tardis-latency-20261008/results.csv
Feed latency — touch / p=0.9,2026-09-01,20,latest-close,OFF,OFF,0.0,2,6726.960745671095,9.609943922387275,3587.556449429606,2100,1.1354193488266895,3830,4320,pepe-tardis-latency-20261008/results.csv
Feed latency — touch / p=0.9,2026-09-01,20,latest-close,OFF,OFF,0.9,2,-359.6208429543185,-0.5137440613633082,474.41057408438536,282,2.053559708552678,3830,4320,pepe-tardis-latency-20261008/results.csv
Feed latency — touch / p=0.9,2026-09-01,20,midpoint,OFF,OFF,0.0,3,7792.128560130208,11.131612228757447,6563.98902173269,3798,0.868219462665501,3832,4320,pepe-tardis-latency-20261008/results.csv
Feed latency — touch / p=0.9,2026-09-01,20,midpoint,OFF,OFF,0.9,3,-283.2895081019815,-0.4046992972885466,1081.1295884623034,630,1.8346026246673908,3832,4320,pepe-tardis-latency-20261008/results.csv
Feed latency — touch / p=0.9,2026-09-01,20,latest-close,OFF,OFF,0.0,3,6888.935876695396,9.841336966707704,3696.771882874778,2155,1.1008763844333822,3832,4320,pepe-tardis-latency-20261008/results.csv
Feed latency — touch / p=0.9,2026-09-01,20,latest-close,OFF,OFF,0.9,3,-1.2088526818406535,-0.0017269324026347,495.2105965118956,290,1.986694507949076,3832,4320,pepe-tardis-latency-20261008/results.csv
Feed latency — touch / p=0.9,2026-09-01,30,midpoint,OFF,OFF,0.0,0,6675.927795773154,9.537039708247352,5295.6736542790095,3056,0.9056843814960962,2562,2880,pepe-tardis-latency-20261008/results.csv
Feed latency — touch / p=0.9,2026-09-01,30,midpoint,OFF,OFF,0.9,0,-693.9165896201011,-0.9913094137430024,883.4428032105072,513,2.363333047118622,2562,2880,pepe-tardis-latency-20261008/results.csv
Feed latency — touch / p=0.9,2026-09-01,30,latest-close,OFF,OFF,0.0,0,4852.775862728158,6.932536946754508,2988.7388524121448,1744,1.0936308231892615,2562,2880,pepe-tardis-latency-20261008/results.csv
Feed latency — touch / p=0.9,2026-09-01,30,latest-close,OFF,OFF,0.9,0,-426.5923606343713,-0.6094176580491051,482.07177461439016,258,1.8741666709562088,2562,2880,pepe-tardis-latency-20261008/results.csv
Feed latency — touch / p=0.9,2026-09-01,30,midpoint,OFF,OFF,0.0,1,6590.318214405386,9.414740306293412,5345.229695176905,3082,0.792544454023936,2566,2880,pepe-tardis-latency-20261008/results.csv
Feed latency — touch / p=0.9,2026-09-01,30,midpoint,OFF,OFF,0.9,1,-522.709844556186,-0.7467283493659771,911.3925207266172,532,2.2127406164225443,2566,2880,pepe-tardis-latency-20261008/results.csv
Feed latency — touch / p=0.9,2026-09-01,30,latest-close,OFF,OFF,0.0,1,5217.844422717622,7.454063461025173,2895.438506432741,1705,1.1590086205116816,2566,2880,pepe-tardis-latency-20261008/results.csv
Feed latency — touch / p=0.9,2026-09-01,30,latest-close,OFF,OFF,0.9,1,-98.86291139211971,-0.1412327305601701,502.0855905921605,265,1.6798377376218414,2566,2880,pepe-tardis-latency-20261008/results.csv
Feed latency — touch / p=0.9,2026-09-01,30,midpoint,OFF,OFF,0.0,2,6547.1370199180965,9.35305288559729,5334.315956244335,3080,0.7278830001588265,2562,2880,pepe-tardis-latency-20261008/results.csv
Feed latency — touch / p=0.9,2026-09-01,30,midpoint,OFF,OFF,0.9,2,-461.5953869399236,-0.6594219813427449,867.0672247803822,504,1.9697320080210323,2562,2880,pepe-tardis-latency-20261008/results.csv
Feed latency — touch / p=0.9,2026-09-01,30,latest-close,OFF,OFF,0.0,2,5704.90155054057,8.149859357915101,2907.2807207898936,1713,1.1473816509311243,2562,2880,pepe-tardis-latency-20261008/results.csv
Feed latency — touch / p=0.9,2026-09-01,30,latest-close,OFF,OFF,0.9,2,111.2507041173667,0.1589295773105181,450.7211263227203,255,1.382986141046329,2562,2880,pepe-tardis-latency-20261008/results.csv
Feed latency — touch / p=0.9,2026-09-01,30,midpoint,OFF,OFF,0.0,3,6557.027859835798,9.36718265690828,5283.384072896327,3050,0.6870163968337896,2556,2880,pepe-tardis-latency-20261008/results.csv
Feed latency — touch / p=0.9,2026-09-01,30,midpoint,OFF,OFF,0.9,3,-552.8212283898611,-0.7897446119855211,850.0255838902725,497,1.8906971084006168,2556,2880,pepe-tardis-latency-20261008/results.csv
Feed latency — touch / p=0.9,2026-09-01,30,latest-close,OFF,OFF,0.0,3,5988.350511690733,8.554786445272477,2956.556318089893,1735,1.0694157601609795,2556,2880,pepe-tardis-latency-20261008/results.csv
Feed latency — touch / p=0.9,2026-09-01,30,latest-close,OFF,OFF,0.9,3,-93.09999990937648,-0.1329999998705422,428.3112671895602,244,1.3906757013962594,2556,2880,pepe-tardis-latency-20261008/results.csv
Feed latency — touch / p=0.9,2026-09-01,60,midpoint,OFF,OFF,0.0,0,3853.965483439999,5.505664976342861,3203.8650841113204,1848,1.0030905476375631,1257,1440,pepe-tardis-latency-20261008/results.csv
Feed latency — touch / p=0.9,2026-09-01,60,midpoint,OFF,OFF,0.9,0,-1046.1038468572517,-1.4944340669389322,736.6440290676574,421,2.017263043743879,1257,1440,pepe-tardis-latency-20261008/results.csv
Feed latency — touch / p=0.9,2026-09-01,60,latest-close,OFF,OFF,0.0,0,3241.0501739126776,4.630071677018122,1928.1199582075335,1121,1.301305921039164,1257,1440,pepe-tardis-latency-20261008/results.csv
Feed latency — touch / p=0.9,2026-09-01,60,latest-close,OFF,OFF,0.9,0,-387.67633073306934,-0.5538233296186745,400.975781943085,210,1.828170832180074,1257,1440,pepe-tardis-latency-20261008/results.csv
Feed latency — touch / p=0.9,2026-09-01,60,midpoint,OFF,OFF,0.0,1,4271.87491991042,6.102678457014887,3201.5586417711374,1845,0.6370714613861328,1260,1440,pepe-tardis-latency-20261008/results.csv
Feed latency — touch / p=0.9,2026-09-01,60,midpoint,OFF,OFF,0.9,1,-788.5687953917077,-1.1265268505595838,754.1741021220369,435,1.8622433323590668,1260,1440,pepe-tardis-latency-20261008/results.csv
Feed latency — touch / p=0.9,2026-09-01,60,latest-close,OFF,OFF,0.0,1,3512.011088723404,5.017158698176294,1952.1387090367136,1129,1.3403057150348527,1260,1440,pepe-tardis-latency-20261008/results.csv
Feed latency — touch / p=0.9,2026-09-01,60,latest-close,OFF,OFF,0.9,1,-315.9869238781539,-0.4514098912545061,419.17222907816017,219,1.9051084463925387,1260,1440,pepe-tardis-latency-20261008/results.csv
Feed latency — touch / p=0.9,2026-09-01,60,midpoint,OFF,OFF,0.0,2,4602.135206798484,6.5744788668549825,3265.470419363036,1880,0.5912044933180097,1269,1440,pepe-tardis-latency-20261008/results.csv
Feed latency — touch / p=0.9,2026-09-01,60,midpoint,OFF,OFF,0.9,2,-669.2337974244583,-0.956048282034938,714.6344223547967,418,1.694619705331404,1269,1440,pepe-tardis-latency-20261008/results.csv
Feed latency — touch / p=0.9,2026-09-01,60,latest-close,OFF,OFF,0.0,2,3934.220104496868,5.6203144349955325,1971.2060555034925,1144,1.2435434839359365,1269,1440,pepe-tardis-latency-20261008/results.csv
Feed latency — touch / p=0.9,2026-09-01,60,latest-close,OFF,OFF,0.9,2,-115.81555336655585,-0.1654507905236468,375.37201173655495,203,1.5584336443093811,1269,1440,pepe-tardis-latency-20261008/results.csv
Feed latency — touch / p=0.9,2026-09-01,60,midpoint,OFF,OFF,0.0,3,4346.905515415987,6.209865022022831,3252.771625565565,1874,0.7123802215214237,1273,1440,pepe-tardis-latency-20261008/results.csv
Feed latency — touch / p=0.9,2026-09-01,60,midpoint,OFF,OFF,0.9,3,-592.9199588224583,-0.8470285126035093,724.8772216427719,421,1.4968232692996564,1273,1440,pepe-tardis-latency-20261008/results.csv
Feed latency — touch / p=0.9,2026-09-01,60,latest-close,OFF,OFF,0.0,3,4273.3501554588,6.104785936369717,2026.874098981664,1169,1.212871557812309,1273,1440,pepe-tardis-latency-20261008/results.csv
Feed latency — touch / p=0.9,2026-09-01,60,latest-close,OFF,OFF,0.9,3,-5.061790038453182,-0.0072311286263615,369.85052207846,196,1.2554684686080773,1273,1440,pepe-tardis-latency-20261008/results.csv
Feed latency — touch / p=0.9,2026-09-01,180,midpoint,OFF,OFF,0.0,0,1640.9478857305949,2.344211265329421,1237.925350910125,708,0.4190295525561233,420,480,pepe-tardis-latency-20261008/results.csv
Feed latency — touch / p=0.9,2026-09-01,180,midpoint,OFF,OFF,0.9,0,-755.4798890925158,-1.0792569844178757,517.4206250825853,284,1.9421848010455085,420,480,pepe-tardis-latency-20261008/results.csv
Feed latency — touch / p=0.9,2026-09-01,180,latest-close,OFF,OFF,0.0,0,2084.379609617332,2.9776851565961993,958.7233964627236,528,1.3693961146956417,420,480,pepe-tardis-latency-20261008/results.csv
Feed latency — touch / p=0.9,2026-09-01,180,latest-close,OFF,OFF,0.9,0,-431.7904070843506,-0.6168434386919275,308.5734214643348,154,2.0351878044396545,420,480,pepe-tardis-latency-20261008/results.csv
Feed latency — touch / p=0.9,2026-09-01,180,midpoint,OFF,OFF,0.0,1,1651.935913888752,2.3599084484124955,1246.655632591784,715,0.8594744018416349,417,480,pepe-tardis-latency-20261008/results.csv
Feed latency — touch / p=0.9,2026-09-01,180,midpoint,OFF,OFF,0.9,1,-592.0433218084218,-0.8457761740120362,489.9860949685203,282,2.0027883049736928,417,480,pepe-tardis-latency-20261008/results.csv
Feed latency — touch / p=0.9,2026-09-01,180,latest-close,OFF,OFF,0.0,1,1764.9573832822498,2.521367690403209,905.2559149178438,516,1.5673875262108723,417,480,pepe-tardis-latency-20261008/results.csv
Feed latency — touch / p=0.9,2026-09-01,180,latest-close,OFF,OFF,0.9,1,-559.790539123831,-0.7997007701769032,299.09311321381483,159,2.208142413050732,417,480,pepe-tardis-latency-20261008/results.csv
Feed latency — touch / p=0.9,2026-09-01,180,midpoint,OFF,OFF,0.0,2,1741.328871548321,2.48761267364046,1265.713379052143,728,0.7619996800868839,417,480,pepe-tardis-latency-20261008/results.csv
Feed latency — touch / p=0.9,2026-09-01,180,midpoint,OFF,OFF,0.9,2,-506.70670380322554,-0.7238667197188908,484.8185921032704,282,1.8433660206760143,417,480,pepe-tardis-latency-20261008/results.csv
Feed latency — touch / p=0.9,2026-09-01,180,latest-close,OFF,OFF,0.0,2,1814.3967213798023,2.5919953162568676,893.6932259903781,517,1.364405841885732,417,480,pepe-tardis-latency-20261008/results.csv
Feed latency — touch / p=0.9,2026-09-01,180,latest-close,OFF,OFF,0.9,2,-333.60429061301693,-0.4765775580185982,272.51207742297987,148,1.997472764790345,417,480,pepe-tardis-latency-20261008/results.csv
Feed latency — touch / p=0.9,2026-09-01,180,midpoint,OFF,OFF,0.0,3,1762.0084489930305,2.517154927132892,1205.5971819274444,695,0.4343993842043792,403,480,pepe-tardis-latency-20261008/results.csv
Feed latency — touch / p=0.9,2026-09-01,180,midpoint,OFF,OFF,0.9,3,-483.80949468704057,-0.6911564209814869,467.5087097271204,272,1.5923680474123296,403,480,pepe-tardis-latency-20261008/results.csv
Feed latency — touch / p=0.9,2026-09-01,180,latest-close,OFF,OFF,0.0,3,1781.5348927398009,2.5450498467711524,885.5257125003831,507,1.5449628624568497,403,480,pepe-tardis-latency-20261008/results.csv
Feed latency — touch / p=0.9,2026-09-01,180,latest-close,OFF,OFF,0.9,3,-95.22460471907108,-0.1360351495986678,256.946445059115,145,1.955746934348027,403,480,pepe-tardis-latency-20261008/results.csv
Feed latency — touch / p=0.9,2026-09-01,300,midpoint,OFF,OFF,0.0,0,1112.1274637087045,1.5887535195838742,800.5485907716223,461,0.3639855242338971,255,288,pepe-tardis-latency-20261008/results.csv
Feed latency — touch / p=0.9,2026-09-01,300,midpoint,OFF,OFF,0.9,0,-271.82030042597034,-0.3883147148942445,380.6733009160747,214,1.4413247962560631,255,288,pepe-tardis-latency-20261008/results.csv
Feed latency — touch / p=0.9,2026-09-01,300,latest-close,OFF,OFF,0.0,0,1465.7507028015243,2.093929575430753,634.2492951585216,357,0.9051974553636426,255,288,pepe-tardis-latency-20261008/results.csv
Feed latency — touch / p=0.9,2026-09-01,300,latest-close,OFF,OFF,0.9,0,-263.9470448819775,-0.3770672069742575,264.21896660191993,133,1.896836588339778,255,288,pepe-tardis-latency-20261008/results.csv
Feed latency — touch / p=0.9,2026-09-01,300,midpoint,OFF,OFF,0.0,1,1286.4422522717214,1.8377746461024635,793.8394358485623,457,0.2487274214447228,253,288,pepe-tardis-latency-20261008/results.csv
Feed latency — touch / p=0.9,2026-09-01,300,midpoint,OFF,OFF,0.9,1,-313.44164424068003,-0.4477737774866819,358.46559066074957,203,1.3413615347205083,253,288,pepe-tardis-latency-20261008/results.csv
Feed latency — touch / p=0.9,2026-09-01,300,latest-close,OFF,OFF,0.0,1,1463.3943647756823,2.090563378250976,616.8873233444012,347,1.1269366615117196,253,288,pepe-tardis-latency-20261008/results.csv
Feed latency — touch / p=0.9,2026-09-01,300,latest-close,OFF,OFF,0.9,1,-141.4459646573814,-0.2020656637962581,267.04056500734987,132,1.7401716676725485,253,288,pepe-tardis-latency-20261008/results.csv
Feed latency — touch / p=0.9,2026-09-01,300,midpoint,OFF,OFF,0.0,2,1312.7711254854803,1.875387322122113,797.0880273947024,459,0.1676217034181241,253,288,pepe-tardis-latency-20261008/results.csv
Feed latency — touch / p=0.9,2026-09-01,300,midpoint,OFF,OFF,0.9,2,-197.9662922401767,-0.2828089889145402,351.4409427802497,203,1.2764022338841556,253,288,pepe-tardis-latency-20261008/results.csv
Feed latency — touch / p=0.9,2026-09-01,300,latest-close,OFF,OFF,0.0,2,1647.7901392444328,2.353985913206325,609.9563374356414,347,0.5014403790625939,253,288,pepe-tardis-latency-20261008/results.csv
Feed latency — touch / p=0.9,2026-09-01,300,latest-close,OFF,OFF,0.9,2,68.3470977354591,0.0976387110506626,260.3909871545,127,1.5027650090530265,253,288,pepe-tardis-latency-20261008/results.csv
Feed latency — touch / p=0.9,2026-09-01,300,midpoint,OFF,OFF,0.0,3,1362.5204212118842,1.9464577445884144,786.7753513483825,453,0.2243695147917914,251,288,pepe-tardis-latency-20261008/results.csv
Feed latency — touch / p=0.9,2026-09-01,300,midpoint,OFF,OFF,0.9,3,-285.4153770363773,-0.4077362529091077,372.3779504464547,206,1.2532963739740794,251,288,pepe-tardis-latency-20261008/results.csv
Feed latency — touch / p=0.9,2026-09-01,300,latest-close,OFF,OFF,0.0,3,1649.323237834542,2.3561760540493415,608.4232388455813,348,0.4016028861175809,251,288,pepe-tardis-latency-20261008/results.csv
Feed latency — touch / p=0.9,2026-09-01,300,latest-close,OFF,OFF,0.9,3,-107.87721120247444,-0.1541103017178247,255.63184497247497,128,1.6808145674262955,251,288,pepe-tardis-latency-20261008/results.csv
Feed latency — touch / p=0.9,2026-09-01,600,midpoint,OFF,OFF,0.0,0,321.6943658847449,0.4595633798353482,407.88309819532,232,0.761356895179119,126,144,pepe-tardis-latency-20261008/results.csv
Feed latency — touch / p=0.9,2026-09-01,600,midpoint,OFF,OFF,0.9,0,-557.5302811485162,-0.7964718302121643,251.89647862853985,126,1.635377185524323,126,144,pepe-tardis-latency-20261008/results.csv
Feed latency — touch / p=0.9,2026-09-01,600,latest-close,OFF,OFF,0.0,0,136.00658163892513,0.1942951166270301,374.8101729510448,190,1.5450458960610935,126,144,pepe-tardis-latency-20261008/results.csv
Feed latency — touch / p=0.9,2026-09-01,600,latest-close,OFF,OFF,0.9,0,-510.5855602875672,-0.7294079432679568,198.07162820756005,87,1.798839415667557,126,144,pepe-tardis-latency-20261008/results.csv
Feed latency — touch / p=0.9,2026-09-01,600,midpoint,OFF,OFF,0.0,1,523.9204220262181,0.7484577457517405,402.8401404537401,231,0.3894128620005252,125,144,pepe-tardis-latency-20261008/results.csv
Feed latency — touch / p=0.9,2026-09-01,600,midpoint,OFF,OFF,0.9,1,-540.6421045495372,-0.7723458636421987,254.5590898295498,126,1.560567374689655,125,144,pepe-tardis-latency-20261008/results.csv
Feed latency — touch / p=0.9,2026-09-01,600,latest-close,OFF,OFF,0.0,1,85.89560783434717,0.1227080111919187,364.5079851756748,187,1.8237047548009484,125,144,pepe-tardis-latency-20261008/results.csv
Feed latency — touch / p=0.9,2026-09-01,600,latest-close,OFF,OFF,0.9,1,-420.3746474789514,-0.6005352106842166,203.47323923896,90,1.6925747891133922,125,144,pepe-tardis-latency-20261008/results.csv
Feed latency — touch / p=0.9,2026-09-01,600,midpoint,OFF,OFF,0.0,2,467.535915038854,0.6679084500555099,419.78802776122006,237,0.5847380370317841,126,144,pepe-tardis-latency-20261008/results.csv
Feed latency — touch / p=0.9,2026-09-01,600,midpoint,OFF,OFF,0.9,2,-497.8478868402744,-0.7112112669146797,241.50985892031983,124,1.554777340804309,126,144,pepe-tardis-latency-20261008/results.csv
Feed latency — touch / p=0.9,2026-09-01,600,latest-close,OFF,OFF,0.0,2,485.4549291059084,0.6935070415798661,362.4323940141198,190,1.0391581737305355,126,144,pepe-tardis-latency-20261008/results.csv
Feed latency — touch / p=0.9,2026-09-01,600,latest-close,OFF,OFF,0.9,2,-265.14225326353335,-0.378774647519331,186.26901390356005,88,1.4451138133102552,126,144,pepe-tardis-latency-20261008/results.csv
Feed latency — touch / p=0.9,2026-09-01,600,midpoint,OFF,OFF,0.0,3,356.00915458379313,0.5085845065482708,413.0049291762601,229,0.6343697033519051,122,144,pepe-tardis-latency-20261008/results.csv
Feed latency — touch / p=0.9,2026-09-01,600,midpoint,OFF,OFF,0.9,3,-476.45845024134906,-0.6806549289162134,239.83873216137985,121,1.4957195118224034,122,144,pepe-tardis-latency-20261008/results.csv
Feed latency — touch / p=0.9,2026-09-01,600,latest-close,OFF,OFF,0.0,3,493.8697178301082,0.7055281683287173,354.01760528989985,187,0.965276034475954,122,144,pepe-tardis-latency-20261008/results.csv
Feed latency — touch / p=0.9,2026-09-01,600,latest-close,OFF,OFF,0.9,3,-116.86056326671678,-0.1669436618095932,176.01549278676003,86,0.8866266580742188,122,144,pepe-tardis-latency-20261008/results.csv
Feed latency — touch / p=0.9,2026-10-01,20,midpoint,OFF,OFF,0.0,0,6252.705812031927,8.932436874331318,7863.974799220304,4403,1.1234039941845673,3814,4320,pepe-tardis-latency-20261008/results.csv
Feed latency — touch / p=0.9,2026-10-01,20,midpoint,OFF,OFF,0.9,0,-942.3356095968484,-1.3461937279954928,1547.4757962572935,854,2.5820280488637217,3814,4320,pepe-tardis-latency-20261008/results.csv
Feed latency — touch / p=0.9,2026-10-01,20,latest-close,OFF,OFF,0.0,0,7578.115479038883,10.825879255769832,4680.1749367023995,2631,1.2613147398543392,3814,4320,pepe-tardis-latency-20261008/results.csv
Feed latency — touch / p=0.9,2026-10-01,20,latest-close,OFF,OFF,0.9,0,487.816788049342,0.6968811257847651,812.8547415009496,452,1.7706968543744306,3814,4320,pepe-tardis-latency-20261008/results.csv
Feed latency — touch / p=0.9,2026-10-01,20,midpoint,OFF,OFF,0.0,1,6223.574302562687,8.890820432232417,7897.315404639459,4417,1.33259512164492,3841,4320,pepe-tardis-latency-20261008/results.csv
Feed latency — touch / p=0.9,2026-10-01,20,midpoint,OFF,OFF,0.9,1,-566.9268080205511,-0.8098954400293623,1564.4521343909246,866,2.149182324220161,3841,4320,pepe-tardis-latency-20261008/results.csv
Feed latency — touch / p=0.9,2026-10-01,20,latest-close,OFF,OFF,0.0,1,8068.378354208209,11.52625479172602,4770.992778163098,2681,1.1903055509392375,3841,4320,pepe-tardis-latency-20261008/results.csv
Feed latency — touch / p=0.9,2026-10-01,20,latest-close,OFF,OFF,0.9,1,1028.7806482960732,1.4696866404229514,867.4153997841944,467,1.7430369005235709,3841,4320,pepe-tardis-latency-20261008/results.csv
Feed latency — touch / p=0.9,2026-10-01,20,midpoint,OFF,OFF,0.0,2,5852.191996608031,8.360274280868607,7827.920865554275,4381,1.3672049472227925,3827,4320,pepe-tardis-latency-20261008/results.csv
Feed latency — touch / p=0.9,2026-10-01,20,midpoint,OFF,OFF,0.9,2,-787.2353523157799,-1.124621931879688,1590.946523696265,882,2.372362271252269,3827,4320,pepe-tardis-latency-20261008/results.csv
Feed latency — touch / p=0.9,2026-10-01,20,latest-close,OFF,OFF,0.0,2,8346.344605062259,11.92334943580322,4786.273807868991,2682,1.042188444466498,3827,4320,pepe-tardis-latency-20261008/results.csv
Feed latency — touch / p=0.9,2026-10-01,20,latest-close,OFF,OFF,0.9,2,1924.492281197512,2.7492746874250074,851.6691230527344,466,2.007041003910081,3827,4320,pepe-tardis-latency-20261008/results.csv
Feed latency — touch / p=0.9,2026-10-01,20,midpoint,OFF,OFF,0.0,3,5855.081058026117,8.364401511465891,7933.171066226307,4444,1.3538016594842102,3857,4320,pepe-tardis-latency-20261008/results.csv
Feed latency — touch / p=0.9,2026-10-01,20,midpoint,OFF,OFF,0.9,3,-1028.6994611015398,-1.4695706587164905,1587.9052832120258,887,2.64123215394634,3857,4320,pepe-tardis-latency-20261008/results.csv
Feed latency — touch / p=0.9,2026-10-01,20,latest-close,OFF,OFF,0.0,3,7905.456425484692,11.29350917926384,4820.28211375658,2709,1.414732866567593,3857,4320,pepe-tardis-latency-20261008/results.csv
Feed latency — touch / p=0.9,2026-10-01,20,latest-close,OFF,OFF,0.9,3,1582.932481791926,2.2613321168456046,865.7680609183494,473,2.147346886818356,3857,4320,pepe-tardis-latency-20261008/results.csv
Feed latency — touch / p=0.9,2026-10-01,30,midpoint,OFF,OFF,0.0,0,5113.913793005049,7.305591132864353,6152.59152360626,3442,0.9550943997430196,2521,2880,pepe-tardis-latency-20261008/results.csv
Feed latency — touch / p=0.9,2026-10-01,30,midpoint,OFF,OFF,0.9,0,-1354.8443275974569,-1.935491896567798,1283.889912957953,716,2.5857818856788723,2521,2880,pepe-tardis-latency-20261008/results.csv
Feed latency — touch / p=0.9,2026-10-01,30,latest-close,OFF,OFF,0.0,0,5930.23204756841,8.47176006795487,3763.9886654426336,2102,1.410972695166083,2521,2880,pepe-tardis-latency-20261008/results.csv
Feed latency — touch / p=0.9,2026-10-01,30,latest-close,OFF,OFF,0.9,0,-102.56358594483754,-0.1465194084926291,692.0972168351207,375,1.263563939575047,2521,2880,pepe-tardis-latency-20261008/results.csv
Feed latency — touch / p=0.9,2026-10-01,30,midpoint,OFF,OFF,0.0,1,5386.72842581576,7.695326322593932,6329.796345255463,3540,1.1150362783641343,2584,2880,pepe-tardis-latency-20261008/results.csv
Feed latency — touch / p=0.9,2026-10-01,30,midpoint,OFF,OFF,0.9,1,-887.5403033626208,-1.267914719089458,1296.4188078630168,723,2.0357988605642054,2584,2880,pepe-tardis-latency-20261008/results.csv
Feed latency — touch / p=0.9,2026-10-01,30,latest-close,OFF,OFF,0.0,1,6391.4215206811205,9.130602172401602,3856.629766830088,2158,1.0439986772821426,2584,2880,pepe-tardis-latency-20261008/results.csv
Feed latency — touch / p=0.9,2026-10-01,30,latest-close,OFF,OFF,0.9,1,-36.15567122570064,-0.0516509588938562,711.4420562260406,384,1.2634389631165084,2584,2880,pepe-tardis-latency-20261008/results.csv
Feed latency — touch / p=0.9,2026-10-01,30,midpoint,OFF,OFF,0.0,2,5400.654471424379,7.715220673463397,6195.647269587128,3468,1.096789041004472,2557,2880,pepe-tardis-latency-20261008/results.csv
Feed latency — touch / p=0.9,2026-10-01,30,midpoint,OFF,OFF,0.9,2,-612.0584109557676,-0.8743691585082369,1307.151868606143,729,2.0669641981699676,2557,2880,pepe-tardis-latency-20261008/results.csv
Feed latency — touch / p=0.9,2026-10-01,30,latest-close,OFF,OFF,0.0,2,6292.216029682764,8.988880042403945,3810.890980048113,2136,1.125568963405002,2557,2880,pepe-tardis-latency-20261008/results.csv
Feed latency — touch / p=0.9,2026-10-01,30,latest-close,OFF,OFF,0.9,2,943.0109394685568,1.34715848495508,708.1254405617956,397,1.2738557182663195,2557,2880,pepe-tardis-latency-20261008/results.csv
Feed latency — touch / p=0.9,2026-10-01,30,midpoint,OFF,OFF,0.0,3,4845.067657932304,6.921525225617575,6133.084730129127,3435,0.7839594145542712,2536,2880,pepe-tardis-latency-20261008/results.csv
Feed latency — touch / p=0.9,2026-10-01,30,midpoint,OFF,OFF,0.9,3,-484.76583263868815,-0.692522618055269,1390.7634340091467,774,2.289897086288635,2536,2880,pepe-tardis-latency-20261008/results.csv
Feed latency — touch / p=0.9,2026-10-01,30,latest-close,OFF,OFF,0.0,3,6310.959676323371,9.01565668046196,3806.497812427271,2142,1.4134625153330589,2536,2880,pepe-tardis-latency-20261008/results.csv
Feed latency — touch / p=0.9,2026-10-01,30,latest-close,OFF,OFF,0.9,3,1027.7165959727135,1.4681665656752996,743.0822016375653,402,1.4653662841774988,2536,2880,pepe-tardis-latency-20261008/results.csv
Feed latency — touch / p=0.9,2026-10-01,60,midpoint,OFF,OFF,0.0,0,3858.018105846,5.511454436922847,3534.5052555147386,1975,0.7719353436934885,1247,1440,pepe-tardis-latency-20261008/results.csv
Feed latency — touch / p=0.9,2026-10-01,60,midpoint,OFF,OFF,0.9,0,-507.2988510122959,-0.7247126443032825,1015.17249313261,564,1.5096065207611125,1247,1440,pepe-tardis-latency-20261008/results.csv
Feed latency — touch / p=0.9,2026-10-01,60,latest-close,OFF,OFF,0.0,0,4795.669562943323,6.850956518490459,2365.135755297174,1312,1.189498471271469,1247,1440,pepe-tardis-latency-20261008/results.csv
Feed latency — touch / p=0.9,2026-10-01,60,latest-close,OFF,OFF,0.9,0,536.6162380910682,0.7665946258443856,591.8884343291552,313,0.8054636430966502,1247,1440,pepe-tardis-latency-20261008/results.csv
Feed latency — touch / p=0.9,2026-10-01,60,midpoint,OFF,OFF,0.0,1,3823.922815214028,5.462746878877178,3601.310826506647,2012,0.7866131342393313,1268,1440,pepe-tardis-latency-20261008/results.csv
Feed latency — touch / p=0.9,2026-10-01,60,midpoint,OFF,OFF,0.9,1,-580.4970791934902,-0.8292815417049848,997.5531537837848,550,1.7685500399461689,1268,1440,pepe-tardis-latency-20261008/results.csv
Feed latency — touch / p=0.9,2026-10-01,60,latest-close,OFF,OFF,0.0,1,4740.907391311586,6.7727248447308375,2362.5978243591394,1309,0.8388869425563115,1268,1440,pepe-tardis-latency-20261008/results.csv
Feed latency — touch / p=0.9,2026-10-01,60,latest-close,OFF,OFF,0.9,1,483.8790885806811,0.6912558408295411,595.5601632995654,315,0.6252781874407167,1268,1440,pepe-tardis-latency-20261008/results.csv
Feed latency — touch / p=0.9,2026-10-01,60,midpoint,OFF,OFF,0.0,2,3818.888432965235,5.45555490423606,3540.924648035387,1979,0.6634719626696077,1264,1440,pepe-tardis-latency-20261008/results.csv
Feed latency — touch / p=0.9,2026-10-01,60,midpoint,OFF,OFF,0.9,2,-454.3815054072329,-0.6491164362960489,1002.2787014374604,554,1.8744316772114584,1264,1440,pepe-tardis-latency-20261008/results.csv
Feed latency — touch / p=0.9,2026-10-01,60,latest-close,OFF,OFF,0.0,2,5031.781813640264,7.188259733771796,2356.3620156103125,1306,0.8435625817242128,1264,1440,pepe-tardis-latency-20261008/results.csv
Feed latency — touch / p=0.9,2026-10-01,60,latest-close,OFF,OFF,0.9,2,1217.9959107002214,1.7399941581431655,613.7797894600849,329,0.849128174392539,1264,1440,pepe-tardis-latency-20261008/results.csv
Feed latency — touch / p=0.9,2026-10-01,60,midpoint,OFF,OFF,0.0,3,3509.424648049506,5.013463782927863,3564.1734798012585,1990,0.9089721070748532,1267,1440,pepe-tardis-latency-20261008/results.csv
Feed latency — touch / p=0.9,2026-10-01,60,midpoint,OFF,OFF,0.9,3,-544.2663549098361,-0.7775233641569068,1010.3878500400396,563,1.7437876378434605,1267,1440,pepe-tardis-latency-20261008/results.csv
Feed latency — touch / p=0.9,2026-10-01,60,latest-close,OFF,OFF,0.0,3,5026.539508858579,7.180770726940833,2374.400474572029,1314,0.7490745806842953,1267,1440,pepe-tardis-latency-20261008/results.csv
Feed latency — touch / p=0.9,2026-10-01,60,latest-close,OFF,OFF,0.9,3,935.6366818475508,1.3366238312107814,609.9240651626502,323,1.0325078537161148,1267,1440,pepe-tardis-latency-20261008/results.csv
Feed latency — touch / p=0.9,2026-10-01,180,midpoint,OFF,OFF,0.0,0,2066.500583238536,2.9521436903407583,1294.4807237516875,720,0.966378904133502,418,480,pepe-tardis-latency-20261008/results.csv
Feed latency — touch / p=0.9,2026-10-01,180,midpoint,OFF,OFF,0.9,0,-328.1651674476161,-0.4688073820680261,600.1987595777154,321,1.4151368412982404,418,480,pepe-tardis-latency-20261008/results.csv
Feed latency — touch / p=0.9,2026-10-01,180,latest-close,OFF,OFF,0.0,0,2479.432579347311,3.542046541924737,1022.2474875630438,548,1.0171926239194775,418,480,pepe-tardis-latency-20261008/results.csv
Feed latency — touch / p=0.9,2026-10-01,180,latest-close,OFF,OFF,0.9,0,26.536214942272636,0.0379088784889569,415.0525699179499,216,0.7207699788800118,418,480,pepe-tardis-latency-20261008/results.csv
Feed latency — touch / p=0.9,2026-10-01,180,midpoint,OFF,OFF,0.0,1,2311.778620518031,3.3025408864543193,1335.417639622228,745,0.9744046091724988,427,480,pepe-tardis-latency-20261008/results.csv
Feed latency — touch / p=0.9,2026-10-01,180,midpoint,OFF,OFF,0.9,1,-409.8874573911744,-0.5855535105588228,598.4805764912753,328,1.5921330974358,427,480,pepe-tardis-latency-20261008/results.csv
Feed latency — touch / p=0.9,2026-10-01,180,latest-close,OFF,OFF,0.0,1,2963.7694945464027,4.233956420780571,1054.680327993854,571,0.9530913916289534,427,480,pepe-tardis-latency-20261008/results.csv
Feed latency — touch / p=0.9,2026-10-01,180,latest-close,OFF,OFF,0.9,1,20.873718035814814,0.029819597194014,421.6404151243899,219,0.8904050270146383,427,480,pepe-tardis-latency-20261008/results.csv
Feed latency — touch / p=0.9,2026-10-01,180,midpoint,OFF,OFF,0.0,2,2493.9094615625363,3.5627278022321907,1349.548480737748,753,1.061761035057444,431,480,pepe-tardis-latency-20261008/results.csv
Feed latency — touch / p=0.9,2026-10-01,180,midpoint,OFF,OFF,0.9,2,-484.7530007216119,-0.6925042867451547,623.7716922517204,330,1.7720160104135216,431,480,pepe-tardis-latency-20261008/results.csv
Feed latency — touch / p=0.9,2026-10-01,180,latest-close,OFF,OFF,0.0,2,3335.442809817003,4.764918299738574,1069.7125965432745,577,0.8708917240352516,431,480,pepe-tardis-latency-20261008/results.csv
Feed latency — touch / p=0.9,2026-10-01,180,latest-close,OFF,OFF,0.9,2,220.30373822480033,0.3147196260354201,401.1915886153999,216,0.4978863859683661,431,480,pepe-tardis-latency-20261008/results.csv
Feed latency — touch / p=0.9,2026-10-01,180,midpoint,OFF,OFF,0.0,3,2481.6512839975912,3.5452161199965637,1337.2739480326586,744,1.1811179364075726,426,480,pepe-tardis-latency-20261008/results.csv
Feed latency — touch / p=0.9,2026-10-01,180,midpoint,OFF,OFF,0.9,3,-371.7809577865846,-0.5311156539808404,649.8183408467153,345,1.7571340111085274,426,480,pepe-tardis-latency-20261008/results.csv
Feed latency — touch / p=0.9,2026-10-01,180,latest-close,OFF,OFF,0.0,3,3442.207149789072,4.917438785412953,1065.363701031149,574,1.248804888233093,426,480,pepe-tardis-latency-20261008/results.csv
Feed latency — touch / p=0.9,2026-10-01,180,latest-close,OFF,OFF,0.9,3,303.3510512737266,0.4333586446767512,440.8078269164049,222,0.7418330789332294,426,480,pepe-tardis-latency-20261008/results.csv
Feed latency — touch / p=0.9,2026-10-01,300,midpoint,OFF,OFF,0.0,0,1134.7646023241396,1.621092289034487,786.9643688261042,436,0.4432601543857979,247,288,pepe-tardis-latency-20261008/results.csv
Feed latency — touch / p=0.9,2026-10-01,300,midpoint,OFF,OFF,0.9,0,269.58695223041286,0.3851242174720104,450.0392156896702,235,1.141803999842239,247,288,pepe-tardis-latency-20261008/results.csv
Feed latency — touch / p=0.9,2026-10-01,300,latest-close,OFF,OFF,0.0,0,2167.292711458096,3.096132444940136,661.3235056220304,348,1.3483346334114716,247,288,pepe-tardis-latency-20261008/results.csv
Feed latency — touch / p=0.9,2026-10-01,300,latest-close,OFF,OFF,0.9,0,376.6670559156046,0.5380957941651499,334.78154191450983,173,0.7935278685941549,247,288,pepe-tardis-latency-20261008/results.csv
Feed latency — touch / p=0.9,2026-10-01,300,midpoint,OFF,OFF,0.0,1,1294.8732471162805,1.8498189244518184,831.2949762839942,459,0.3707675948852666,254,288,pepe-tardis-latency-20261008/results.csv
Feed latency — touch / p=0.9,2026-10-01,300,midpoint,OFF,OFF,0.9,1,292.9042054837628,0.4184345792625166,475.7873829763802,250,0.9356123555635568,254,288,pepe-tardis-latency-20261008/results.csv
Feed latency — touch / p=0.9,2026-10-01,300,latest-close,OFF,OFF,0.0,1,2222.3010603012517,3.174715800430361,679.1305558588704,360,1.5213251990958438,254,288,pepe-tardis-latency-20261008/results.csv
Feed latency — touch / p=0.9,2026-10-01,300,latest-close,OFF,OFF,0.9,1,575.0221960186464,0.8214602800266313,349.0432241514698,181,0.8982741218687261,254,288,pepe-tardis-latency-20261008/results.csv
Feed latency — touch / p=0.9,2026-10-01,300,midpoint,OFF,OFF,0.0,2,1271.7511676866416,1.8167873824094904,813.5292052634692,453,0.4426179595375885,251,288,pepe-tardis-latency-20261008/results.csv
Feed latency — touch / p=0.9,2026-10-01,300,midpoint,OFF,OFF,0.9,2,325.5490652829758,0.4650700932613993,475.8528035371005,258,0.8184112503959242,251,288,pepe-tardis-latency-20261008/results.csv
Feed latency — touch / p=0.9,2026-10-01,300,latest-close,OFF,OFF,0.0,2,2340.378123431379,3.343397319187691,675.5732959587353,357,1.3705666702183052,251,288,pepe-tardis-latency-20261008/results.csv
Feed latency — touch / p=0.9,2026-10-01,300,latest-close,OFF,OFF,0.9,2,507.7412381031754,0.7253446258616902,350.9036213469448,184,0.6537521153179255,251,288,pepe-tardis-latency-20261008/results.csv
Feed latency — touch / p=0.9,2026-10-01,300,midpoint,OFF,OFF,0.0,3,1318.5146022462286,1.883592288923186,824.0087613338045,459,0.4420930517616893,258,288,pepe-tardis-latency-20261008/results.csv
Feed latency — touch / p=0.9,2026-10-01,300,midpoint,OFF,OFF,0.9,3,209.15362140697837,0.2987908877242651,477.7622661531153,253,0.9662110956467292,258,288,pepe-tardis-latency-20261008/results.csv
Feed latency — touch / p=0.9,2026-10-01,300,latest-close,OFF,OFF,0.0,3,2476.39908911004,3.53771298444292,696.9280193201054,368,1.0867363617943089,258,288,pepe-tardis-latency-20261008/results.csv
Feed latency — touch / p=0.9,2026-10-01,300,latest-close,OFF,OFF,0.9,3,319.7511680891912,0.4567873829845581,350.80957929090977,184,0.5559054729037209,258,288,pepe-tardis-latency-20261008/results.csv
Feed latency — touch / p=0.9,2026-10-01,600,midpoint,OFF,OFF,0.0,0,584.1647193791723,0.8345210276845316,397.1436914208502,218,0.2449838871512289,117,144,pepe-tardis-latency-20261008/results.csv
Feed latency — touch / p=0.9,2026-10-01,600,midpoint,OFF,OFF,0.9,0,281.15339319482155,0.4016477045640343,275.16993260527,134,1.1881360979378095,117,144,pepe-tardis-latency-20261008/results.csv
Feed latency — touch / p=0.9,2026-10-01,600,latest-close,OFF,OFF,0.0,0,1890.365998735142,2.7005228553359073,385.9648543449302,193,1.7938925239849788,117,144,pepe-tardis-latency-20261008/results.csv
Feed latency — touch / p=0.9,2026-10-01,600,latest-close,OFF,OFF,0.9,0,529.2523362248758,0.7560747660355416,231.26168214520015,111,0.9965061577808596,117,144,pepe-tardis-latency-20261008/results.csv
Feed latency — touch / p=0.9,2026-10-01,600,midpoint,OFF,OFF,0.0,1,677.5566585920751,0.9679380837029684,434.59287364800525,237,0.286693439180591,127,144,pepe-tardis-latency-20261008/results.csv
Feed latency — touch / p=0.9,2026-10-01,600,midpoint,OFF,OFF,0.9,1,160.3789749860589,0.2291128214086502,298.49029835403496,144,1.0802183322581795,127,144,pepe-tardis-latency-20261008/results.csv
Feed latency — touch / p=0.9,2026-10-01,600,latest-close,OFF,OFF,0.0,1,1879.4547716023371,2.68493538800334,407.2458843877451,208,1.685289122339115,127,144,pepe-tardis-latency-20261008/results.csv
Feed latency — touch / p=0.9,2026-10-01,600,latest-close,OFF,OFF,0.9,1,444.0829437375214,0.6344042053393117,234.65537373255012,117,0.7437327158804826,127,144,pepe-tardis-latency-20261008/results.csv
Feed latency — touch / p=0.9,2026-10-01,600,midpoint,OFF,OFF,0.0,2,830.8697426394501,1.1869567751992216,436.6536213106854,236,0.3402481183817322,126,144,pepe-tardis-latency-20261008/results.csv
Feed latency — touch / p=0.9,2026-10-01,600,midpoint,OFF,OFF,0.9,2,139.55306699826906,0.1993615242832369,311.1386362518249,149,0.9789130572498574,126,144,pepe-tardis-latency-20261008/results.csv
Feed latency — touch / p=0.9,2026-10-01,600,latest-close,OFF,OFF,0.0,2,1921.2255726535805,2.744607960933676,400.3772460765153,202,1.522758172848763,126,144,pepe-tardis-latency-20261008/results.csv
Feed latency — touch / p=0.9,2026-10-01,600,latest-close,OFF,OFF,0.9,2,395.0543222629203,0.564363317518457,250.97371484714515,120,0.6966988717019017,126,144,pepe-tardis-latency-20261008/results.csv
Feed latency — touch / p=0.9,2026-10-01,600,midpoint,OFF,OFF,0.0,3,799.1816585406632,1.141688083629511,427.4538549594355,233,0.4788395617322063,126,144,pepe-tardis-latency-20261008/results.csv
Feed latency — touch / p=0.9,2026-10-01,600,midpoint,OFF,OFF,0.9,3,284.79471974182525,0.406849599631176,296.81149675823997,144,1.177469446828121,126,144,pepe-tardis-latency-20261008/results.csv
Feed latency — touch / p=0.9,2026-10-01,600,latest-close,OFF,OFF,0.0,3,1710.5322984902596,2.4436175692718054,396.77995210981027,199,1.0295384246414323,126,144,pepe-tardis-latency-20261008/results.csv
Feed latency — touch / p=0.9,2026-10-01,600,latest-close,OFF,OFF,0.9,3,276.76985969612724,0.3953855138516093,238.4170559739502,119,0.555252092740654,126,144,pepe-tardis-latency-20261008/results.csv
